{
  "accuracy": [
    0.5014705657958984,
    0.7095588445663452,
    0.7757353186607361,
    0.824999988079071,
    0.862500011920929,
    0.8911764621734619,
    0.9110293984413147,
    0.9147058725357056,
    0.9441176652908325,
    0.9529411792755127
  ],
  "loss": [
    9.36980152130127,
    0.8700251579284668,
    0.5842366218566895,
    0.4378606975078583,
    0.3469527065753937,
    0.2906470000743866,
    0.2565193176269531,
    0.22482070326805115,
    0.17826366424560547,
    0.13714897632598877
  ],
  "val_accuracy": [
    0.6291666626930237,
    0.737500011920929,
    0.8291666507720947,
    0.8583333492279053,
    0.8541666865348816,
    0.8583333492279053,
    0.8666666746139526,
    0.9041666388511658,
    0.862500011920929,
    0.8291666507720947
  ],
  "val_loss": [
    0.988962709903717,
    0.7552680373191833,
    0.5634987950325012,
    0.47226059436798096,
    0.4581184983253479,
    0.452190101146698,
    0.36946412920951843,
    0.3626622259616852,
    0.3880670964717865,
    0.5137667059898376
  ]
}